{"cameraMode":{"drawMode":0,"name":"Shaded","section":"Shading Mode"},"sceneLighting":false,"audioPlay":false,"sceneViewState":{"m_AlwaysRefresh":false,"showFog":true,"showSkybox":false,"showFlares":true,"showImageEffects":true,"showParticleSystems":true,"showVisualEffectGraphs":true,"m_FxEnabled":true},"in2DMode":false,"pivot":{"x":-8.99999713897705,"y":3.3283884525299074,"z":8.608564376831055},"rotation":{"x":0.00003293935878900811,"y":-0.9999635815620422,"z":0.005399015732109547,"w":0.007241038139909506},"size":16.55592155456543,"orthographic":true}