{"cameraMode":{"drawMode":0,"name":"Shaded","section":"Shading Mode"},"sceneLighting":false,"audioPlay":false,"sceneViewState":{"m_AlwaysRefresh":false,"showFog":true,"showSkybox":false,"showFlares":true,"showImageEffects":true,"showParticleSystems":true,"showVisualEffectGraphs":true,"m_FxEnabled":true},"in2DMode":false,"pivot":{"x":12.329999923706055,"y":1.4660522937774659,"z":10.453770637512207},"rotation":{"x":0.07678178697824478,"y":0.7035684585571289,"z":-0.07692169398069382,"w":0.7022809386253357},"size":2.673480272293091,"orthographic":true}