{"cameraMode":{"drawMode":0,"name":"Shaded","section":"Shading Mode"},"sceneLighting":false,"audioPlay":false,"sceneViewState":{"m_AlwaysRefresh":false,"showFog":true,"showSkybox":false,"showFlares":true,"showImageEffects":true,"showParticleSystems":true,"showVisualEffectGraphs":true,"m_FxEnabled":true},"in2DMode":false,"pivot":{"x":-0.13999998569488526,"y":0.5173887014389038,"z":13.104390144348145},"rotation":{"x":-0.004098630975931883,"y":0.9952906966209412,"z":-0.04870752617716789,"w":-0.0838194340467453},"size":1.4211381673812867,"orthographic":true}