{"cameraMode":{"drawMode":0,"name":"Shaded","section":"Shading Mode"},"sceneLighting":true,"audioPlay":false,"sceneViewState":{"m_AlwaysRefresh":false,"showFog":true,"showSkybox":true,"showFlares":true,"showImageEffects":true,"showParticleSystems":true,"showVisualEffectGraphs":true,"m_FxEnabled":true},"in2DMode":false,"pivot":{"x":1.8389880657196046,"y":0.5143390893936157,"z":11.259521484375},"rotation":{"x":0.33185282349586489,"y":0.026058748364448549,"z":-0.009164992719888687,"w":0.9429320693016052},"size":13.510255813598633,"orthographic":true}