{"cameraMode":{"drawMode":0,"name":"Shaded","section":"Shading Mode"},"sceneLighting":true,"audioPlay":false,"sceneViewState":{"m_AlwaysRefresh":false,"showFog":true,"showSkybox":true,"showFlares":true,"showImageEffects":true,"showParticleSystems":true,"showVisualEffectGraphs":true,"m_FxEnabled":true},"in2DMode":false,"pivot":{"x":18.234909057617189,"y":17.104583740234376,"z":-12.96919059753418},"rotation":{"x":0.09190606325864792,"y":-0.9064194560050964,"z":0.2611352503299713,"w":0.31900879740715029},"size":2.626094102859497,"orthographic":false}