{"cameraMode":{"drawMode":0,"name":"Shaded","section":"Shading Mode"},"sceneLighting":true,"audioPlay":false,"sceneViewState":{"m_AlwaysRefresh":false,"showFog":true,"showSkybox":true,"showFlares":true,"showImageEffects":true,"showParticleSystems":true,"showVisualEffectGraphs":true,"m_FxEnabled":true},"in2DMode":false,"pivot":{"x":4.52634859085083,"y":-0.8276647329330444,"z":7.009635925292969},"rotation":{"x":0.10102342069149018,"y":-0.06263497471809387,"z":0.006372376345098019,"w":0.9928884506225586},"size":6.786960601806641,"orthographic":false}