{"cameraMode":{"drawMode":0,"name":"Shaded","section":"Shading Mode"},"sceneLighting":true,"audioPlay":false,"sceneViewState":{"m_AlwaysRefresh":false,"showFog":true,"showSkybox":true,"showFlares":true,"showImageEffects":true,"showParticleSystems":true,"showVisualEffectGraphs":true,"m_FxEnabled":true},"in2DMode":false,"pivot":{"x":-1.6714485883712769,"y":3.4555845260620119,"z":1.964200496673584},"rotation":{"x":0.45401981472969057,"y":-0.0440727062523365,"z":0.022491974756121637,"w":0.8896172642707825},"size":6.786960601806641,"orthographic":false}