{"cameraMode":{"drawMode":0,"name":"Shaded","section":"Shading Mode"},"sceneLighting":true,"audioPlay":false,"sceneViewState":{"m_AlwaysRefresh":false,"showFog":true,"showSkybox":true,"showFlares":true,"showImageEffects":true,"showParticleSystems":true,"showVisualEffectGraphs":true,"m_FxEnabled":true},"in2DMode":false,"pivot":{"x":0.2156912088394165,"y":0.5143203735351563,"z":11.352954864501954},"rotation":{"x":-0.008216097950935364,"y":0.9764886498451233,"z":-0.21211476624011994,"w":-0.0378117673099041},"size":15.499842643737793,"orthographic":true}