{"cameraMode":{"drawMode":0,"name":"Shaded","section":"Shading Mode"},"sceneLighting":true,"audioPlay":false,"sceneViewState":{"m_AlwaysRefresh":false,"showFog":true,"showSkybox":true,"showFlares":true,"showImageEffects":true,"showParticleSystems":true,"showVisualEffectGraphs":true,"m_FxEnabled":true},"in2DMode":false,"pivot":{"x":-13.087274551391602,"y":10.42634391784668,"z":5.524864196777344},"rotation":{"x":0.03958238661289215,"y":-0.021016042679548265,"z":-0.0008347911643795669,"w":-0.9989985227584839},"size":28.585044860839845,"orthographic":false}