{"cameraMode":{"drawMode":0,"name":"Shaded","section":"Shading Mode"},"sceneLighting":false,"audioPlay":false,"sceneViewState":{"m_AlwaysRefresh":false,"showFog":true,"showSkybox":false,"showFlares":true,"showImageEffects":true,"showParticleSystems":true,"showVisualEffectGraphs":true,"m_FxEnabled":true},"in2DMode":false,"pivot":{"x":-13.319999694824219,"y":2.5048890113830568,"z":8.170845031738282},"rotation":{"x":-0.029253361746668817,"y":0.8971277475357056,"z":-0.06010901927947998,"w":-0.436706006526947},"size":3.4034500122070314,"orthographic":true}