{"cameraMode":{"drawMode":0,"name":"Shaded","section":"Shading Mode"},"sceneLighting":false,"audioPlay":false,"sceneViewState":{"m_AlwaysRefresh":false,"showFog":true,"showSkybox":false,"showFlares":true,"showImageEffects":true,"showParticleSystems":true,"showVisualEffectGraphs":true,"m_FxEnabled":true},"in2DMode":false,"pivot":{"x":-13.319999694824219,"y":2.615163803100586,"z":8.0021390914917},"rotation":{"x":-0.0014650739030912519,"y":0.7161855101585388,"z":0.0015059217112138868,"w":0.6979202628135681},"size":3.021164655685425,"orthographic":true}